"STATION","NAME","DATE","PRCP","TAVG","TMAX","TMIN"
"RSM00026072","PETROKREPOST, RS","2023-01-01","0.04","35","39",
"RSM00026072","PETROKREPOST, RS","2023-01-02","0.00","29","31",
"RSM00026072","PETROKREPOST, RS","2023-01-03","0.04","27","29","26"
"RSM00026072","PETROKREPOST, RS","2023-01-04","0.12","23",,
"RSM00026072","PETROKREPOST, RS","2023-01-05","0.09","10",,
"RSM00026072","PETROKREPOST, RS","2023-01-06","0.02","9","17","-4"
"RSM00026072","PETROKREPOST, RS","2023-01-07","0.01","13","18",
"RSM00026072","PETROKREPOST, RS","2023-01-08","0.00","3","8","-4"
"RSM00026072","PETROKREPOST, RS","2023-01-09","0.00","12","13","4"
"RSM00026072","PETROKREPOST, RS","2023-01-10","0.08","18",,"12"
"RSM00026072","PETROKREPOST, RS","2023-01-11","0.00","26",,"22"
"RSM00026072","PETROKREPOST, RS","2023-01-12","0.12","24","26","23"
"RSM00026072","PETROKREPOST, RS","2023-01-13","0.15","32","35","25"
"RSM00026072","PETROKREPOST, RS","2023-01-14","0.16","34",,"32"
"RSM00026072","PETROKREPOST, RS","2023-01-15","0.08","35",,"33"
"RSM00026072","PETROKREPOST, RS","2023-01-16","0.16","35","36","33"
"RSM00026072","PETROKREPOST, RS","2023-01-17","0.00","33",,
"RSM00026072","PETROKREPOST, RS","2023-01-18","0.16","34","36","31"
"RSM00026072","PETROKREPOST, RS","2023-01-19","0.43","35","40","32"
"RSM00026072","PETROKREPOST, RS","2023-01-20","0.02","31","33","29"
"RSM00026072","PETROKREPOST, RS","2023-01-21","0.00","24","32",
"RSM00026072","PETROKREPOST, RS","2023-01-22","0.02","25",,"17"
"RSM00026072","PETROKREPOST, RS","2023-01-23","0.00","23","25","21"
"RSM00026072","PETROKREPOST, RS","2023-01-24","0.08","26",,"18"
"RSM00026072","PETROKREPOST, RS","2023-01-25","0.02","33",,"29"
"RSM00026072","PETROKREPOST, RS","2023-01-26","0.14","34",,
"RSM00026072","PETROKREPOST, RS","2023-01-27","0.01","28",,
"RSM00026072","PETROKREPOST, RS","2023-01-28","0.00","23",,"23"
"RSM00026072","PETROKREPOST, RS","2023-01-29","0.08","30","35","22"
"RSM00026072","PETROKREPOST, RS","2023-01-30","0.31","33",,"31"
"RSM00026072","PETROKREPOST, RS","2023-01-31","0.03","32",,
"RSM00026072","PETROKREPOST, RS","2023-02-01","0.08","31","32","30"
"RSM00026072","PETROKREPOST, RS","2023-02-02","0.04","30","31",
"RSM00026072","PETROKREPOST, RS","2023-02-03","0.01","27","29",
"RSM00026072","PETROKREPOST, RS","2023-02-04","0.06","27","29","25"
"RSM00026072","PETROKREPOST, RS","2023-02-05","0.00","22",,
"RSM00026072","PETROKREPOST, RS","2023-02-06","0.02","27","30","20"
"RSM00026072","PETROKREPOST, RS","2023-02-07","0.00","27","29","26"
"RSM00026072","PETROKREPOST, RS","2023-02-08","0.05","31",,"28"
"RSM00026072","PETROKREPOST, RS","2023-02-09","0.01","33","36",
"RSM00026072","PETROKREPOST, RS","2023-02-10","0.16","30","33","28"
"RSM00026072","PETROKREPOST, RS","2023-02-11","0.12","25","29",
"RSM00026072","PETROKREPOST, RS","2023-02-12","0.03","24",,"13"
"RSM00026072","PETROKREPOST, RS","2023-02-13","0.02","34","37","28"
"RSM00026072","PETROKREPOST, RS","2023-02-14","0.00","32","36",
"RSM00026072","PETROKREPOST, RS","2023-02-15","0.00","32","37","25"
"RSM00026072","PETROKREPOST, RS","2023-02-16","0.00","29","32",
"RSM00026072","PETROKREPOST, RS","2023-02-17","0.08","24",,"21"
"RSM00026072","PETROKREPOST, RS","2023-02-18","0.00","26","28",
"RSM00026072","PETROKREPOST, RS","2023-02-19","0.16","23","26",
"RSM00026072","PETROKREPOST, RS","2023-02-20","0.00","15","21","6"
"RSM00026072","PETROKREPOST, RS","2023-02-21","0.00","10","16","5"
"RSM00026072","PETROKREPOST, RS","2023-02-22","0.00","11","21","1"
"RSM00026072","PETROKREPOST, RS","2023-02-23","0.00","12","19","-3"
"RSM00026072","PETROKREPOST, RS","2023-02-24","0.08","23","27","17"
"RSM00026072","PETROKREPOST, RS","2023-02-25","0.00","25","28","23"
"RSM00026072","PETROKREPOST, RS","2023-02-26","0.12","23",,
"RSM00026072","PETROKREPOST, RS","2023-02-27","0.00","24",,"16"
"RSM00026072","PETROKREPOST, RS","2023-02-28","0.02","31","37","26"
"RSM00026072","PETROKREPOST, RS","2023-03-01","0.02","26","32","21"
"RSM00026072","PETROKREPOST, RS","2023-03-02","0.01","29","40","15"
"RSM00026072","PETROKREPOST, RS","2023-03-03",,"31","37",
"RSM00026072","PETROKREPOST, RS","2023-03-04","0.00","29","35","24"
"RSM00026072","PETROKREPOST, RS","2023-03-05","0.04","29","33",
"RSM00026072","PETROKREPOST, RS","2023-03-06","0.07","25","31","18"
"RSM00026072","PETROKREPOST, RS","2023-03-07","0.02","19","26",
"RSM00026072","PETROKREPOST, RS","2023-03-08","0.12","24",,"9"
"RSM00026072","PETROKREPOST, RS","2023-03-09","0.04","19",,
"RSM00026072","PETROKREPOST, RS","2023-03-10","0.00","11","28","-6"
"RSM00026072","PETROKREPOST, RS","2023-03-11","0.31","16","29","-3"
"RSM00026072","PETROKREPOST, RS","2023-03-12","0.13","25",,
"RSM00026072","PETROKREPOST, RS","2023-03-13","0.00","27","34","17"
"RSM00026072","PETROKREPOST, RS","2023-03-14","0.19","38","46","27"
"RSM00026072","PETROKREPOST, RS","2023-03-15","0.20","37","41",
"RSM00026072","PETROKREPOST, RS","2023-03-16","0.00","31","39",
"RSM00026072","PETROKREPOST, RS","2023-03-17","0.00","29","42","18"
"RSM00026072","PETROKREPOST, RS","2023-03-18","0.00","38","43","26"
"RSM00026072","PETROKREPOST, RS","2023-03-19","0.00","39","42","36"
"RSM00026072","PETROKREPOST, RS","2023-03-20","0.00","43","51","35"
"RSM00026072","PETROKREPOST, RS","2023-03-21","0.34","35","42",
"RSM00026072","PETROKREPOST, RS","2023-03-22","0.04","33",,"28"
"RSM00026072","PETROKREPOST, RS","2023-03-23","0.08","43","50","34"
"RSM00026072","PETROKREPOST, RS","2023-03-24","0.08","38","44","32"
"RSM00026072","PETROKREPOST, RS","2023-03-25","0.24","39","45",
"RSM00026072","PETROKREPOST, RS","2023-03-26","0.12","34","39",
"RSM00026072","PETROKREPOST, RS","2023-03-27","0.01","30","31","29"
"RSM00026072","PETROKREPOST, RS","2023-03-28","0.26","32","35","29"
"RSM00026072","PETROKREPOST, RS","2023-03-29","0.47","30","33",
"RSM00026072","PETROKREPOST, RS","2023-03-30","0.02","25","35","17"
"RSM00026072","PETROKREPOST, RS","2023-03-31","0.03","30","34","26"
"RSM00026072","PETROKREPOST, RS","2023-04-01","0.39","30","32",
"RSM00026072","PETROKREPOST, RS","2023-04-02","0.00","31","35","26"
"RSM00026072","PETROKREPOST, RS","2023-04-03","0.12","29","31","27"
"RSM00026072","PETROKREPOST, RS","2023-04-04","0.09","31","33","29"
"RSM00026072","PETROKREPOST, RS","2023-04-05","0.00","35","40","31"
"RSM00026072","PETROKREPOST, RS","2023-04-06","0.00","37","47",
"RSM00026072","PETROKREPOST, RS","2023-04-07","0.00","36","46","28"
"RSM00026072","PETROKREPOST, RS","2023-04-08","0.00","36","50","25"
"RSM00026072","PETROKREPOST, RS","2023-04-09","0.00","39","52","27"
"RSM00026072","PETROKREPOST, RS","2023-04-10","0.00","40","56","30"
"RSM00026072","PETROKREPOST, RS","2023-04-11","0.00","40",,"27"
"RSM00026072","PETROKREPOST, RS","2023-04-12","0.00","43","55","35"
"RSM00026072","PETROKREPOST, RS","2023-04-13","0.00","38","43","35"
"RSM00026072","PETROKREPOST, RS","2023-04-14","0.00","37","46","31"
"RSM00026072","PETROKREPOST, RS","2023-04-15","0.00","39","47","31"
"RSM00026072","PETROKREPOST, RS","2023-04-16","0.00","40","50","32"
"RSM00026072","PETROKREPOST, RS","2023-04-17","0.00","40","52","28"
"RSM00026072","PETROKREPOST, RS","2023-04-18","0.00","41","53","27"
"RSM00026072","PETROKREPOST, RS","2023-04-19","0.00","42","52",
"RSM00026072","PETROKREPOST, RS","2023-04-20","0.01","45","59","29"
"RSM00026072","PETROKREPOST, RS","2023-04-21","0.00","46","55","34"
"RSM00026072","PETROKREPOST, RS","2023-04-22","0.00","53","64","41"
"RSM00026072","PETROKREPOST, RS","2023-04-23","0.00","48","66","37"
"RSM00026072","PETROKREPOST, RS","2023-04-24","0.00","58","73","38"
"RSM00026072","PETROKREPOST, RS","2023-04-25","0.00","58","72","41"
"RSM00026072","PETROKREPOST, RS","2023-04-26","0.00","54","68","41"
"RSM00026072","PETROKREPOST, RS","2023-04-27","0.04","47","63","38"
"RSM00026072","PETROKREPOST, RS","2023-04-28","0.28","42","54",
"RSM00026072","PETROKREPOST, RS","2023-04-29","0.02","41","50",
"RSM00026072","PETROKREPOST, RS","2023-04-30","0.03","45","58","32"
"RSM00026072","PETROKREPOST, RS","2023-05-01","0.00","43","52","34"
"RSM00026072","PETROKREPOST, RS","2023-05-02","0.04","50","65","37"
"RSM00026072","PETROKREPOST, RS","2023-05-03","0.08","45","53",
"RSM00026072","PETROKREPOST, RS","2023-05-04","0.00","38","45",
"RSM00026072","PETROKREPOST, RS","2023-05-05","0.05","34","42","27"
"RSM00026072","PETROKREPOST, RS","2023-05-06","0.00","37","44","29"
"RSM00026072","PETROKREPOST, RS","2023-05-07","0.00","43","53","33"
"RSM00026072","PETROKREPOST, RS","2023-05-08","0.00","47","58","33"
"RSM00026072","PETROKREPOST, RS","2023-05-09","0.00","50","63","34"
"RSM00026072","PETROKREPOST, RS","2023-05-10","0.00","52","66","36"
"RSM00026072","PETROKREPOST, RS","2023-05-11","0.00","55","70","37"
"RSM00026072","PETROKREPOST, RS","2023-05-12","0.00","58","71","43"
"RSM00026072","PETROKREPOST, RS","2023-05-13","0.00","56","65","45"
"RSM00026072","PETROKREPOST, RS","2023-05-14","0.00","54","66","42"
"RSM00026072","PETROKREPOST, RS","2023-05-15","0.00","56","71","44"
"RSM00026072","PETROKREPOST, RS","2023-05-16","0.00","61","74","45"
"RSM00026072","PETROKREPOST, RS","2023-05-17","0.02","62","69","56"
"RSM00026072","PETROKREPOST, RS","2023-05-18","0.16","51","58",
"RSM00026072","PETROKREPOST, RS","2023-05-19","0.00","49","57","41"
"RSM00026072","PETROKREPOST, RS","2023-05-20","0.00","53","65","39"
"RSM00026072","PETROKREPOST, RS","2023-05-21","0.00","56","68","41"
"RSM00026072","PETROKREPOST, RS","2023-05-22","0.24","56","65","47"
"RSM00026072","PETROKREPOST, RS","2023-05-23","0.08","60","73","48"
"RSM00026072","PETROKREPOST, RS","2023-05-24","0.00","60","70","48"
"RSM00026072","PETROKREPOST, RS","2023-05-25","0.00","65","77","51"
"RSM00026072","PETROKREPOST, RS","2023-05-26","0.01","56","65",
"RSM00026072","PETROKREPOST, RS","2023-05-27","0.08","49","58",
"RSM00026072","PETROKREPOST, RS","2023-05-28","0.00","54","66","38"
"RSM00026072","PETROKREPOST, RS","2023-05-29","0.00","53","62",
"RSM00026072","PETROKREPOST, RS","2023-05-30","0.00","50","59","42"
"RSM00026072","PETROKREPOST, RS","2023-05-31","0.02","53","64","41"
"RSM00026072","PETROKREPOST, RS","2023-06-01","0.00","51","59",
"RSM00026072","PETROKREPOST, RS","2023-06-02","0.02","45","54","34"
"RSM00026072","PETROKREPOST, RS","2023-06-03","0.12","44","53","33"
"RSM00026072","PETROKREPOST, RS","2023-06-04","0.14","50","60","44"
"RSM00026072","PETROKREPOST, RS","2023-06-05","0.00","55","62","44"
"RSM00026072","PETROKREPOST, RS","2023-06-06","0.00","58","66","47"
"RSM00026072","PETROKREPOST, RS","2023-06-07","0.08","52","63",
"RSM00026072","PETROKREPOST, RS","2023-06-08","0.00","57","71","42"
"RSM00026072","PETROKREPOST, RS","2023-06-09","0.12","50","57","44"
"RSM00026072","PETROKREPOST, RS","2023-06-10","0.00","50","56","41"
"RSM00026072","PETROKREPOST, RS","2023-06-11","0.00","55","69","37"
"RSM00026072","PETROKREPOST, RS","2023-06-12","0.00","60","74","42"
"RSM00026072","PETROKREPOST, RS","2023-06-13","0.00","65","79","46"
"RSM00026072","PETROKREPOST, RS","2023-06-14","0.00","64","78","50"
"RSM00026072","PETROKREPOST, RS","2023-06-15","0.00","62","74","48"
"RSM00026072","PETROKREPOST, RS","2023-06-16","0.00","66","79","50"
"RSM00026072","PETROKREPOST, RS","2023-06-17","0.00","67","76","57"
"RSM00026072","PETROKREPOST, RS","2023-06-18","0.00","59","67",
"RSM00026072","PETROKREPOST, RS","2023-06-19","0.00","62","73","48"
"RSM00026072","PETROKREPOST, RS","2023-06-20","0.00","63","71","53"
"RSM00026072","PETROKREPOST, RS","2023-06-21","0.00","64","74","50"
"RSM00026072","PETROKREPOST, RS","2023-06-22","1.06","69","87","61"
"RSM00026072","PETROKREPOST, RS","2023-06-23","0.39","66","74","61"
"RSM00026072","PETROKREPOST, RS","2023-06-24","0.47","63","73",
"RSM00026072","PETROKREPOST, RS","2023-06-25","0.00","63","74","54"
"RSM00026072","PETROKREPOST, RS","2023-06-26","0.00","67","76","59"
"RSM00026072","PETROKREPOST, RS","2023-06-27","0.00","68","77","57"
"RSM00026072","PETROKREPOST, RS","2023-06-28","0.00","68","79","56"
"RSM00026072","PETROKREPOST, RS","2023-06-29","0.00","69","78","61"
"RSM00026072","PETROKREPOST, RS","2023-06-30","0.00","68","78","55"
"RSM00026072","PETROKREPOST, RS","2023-07-01","0.35","66","78","57"
"RSM00026072","PETROKREPOST, RS","2023-07-02","0.02","64","73","59"
"RSM00026072","PETROKREPOST, RS","2023-07-03","0.24","61","69",
"RSM00026072","PETROKREPOST, RS","2023-07-04","0.51","61","70","51"
"RSM00026072","PETROKREPOST, RS","2023-07-05","0.02","62","71","55"
"RSM00026072","PETROKREPOST, RS","2023-07-06","0.01","65","79","53"
"RSM00026072","PETROKREPOST, RS","2023-07-07","0.08","63","69",
"RSM00026072","PETROKREPOST, RS","2023-07-08","0.39","62","71","53"
"RSM00026072","PETROKREPOST, RS","2023-07-09","0.00","56","60",
"RSM00026072","PETROKREPOST, RS","2023-07-10","0.00","56","61","50"
"RSM00026072","PETROKREPOST, RS","2023-07-11","0.00","58","65","51"
"RSM00026072","PETROKREPOST, RS","2023-07-12","0.00","61","69","49"
"RSM00026072","PETROKREPOST, RS","2023-07-13","0.00","60","68","55"
"RSM00026072","PETROKREPOST, RS","2023-07-14","0.00","65","75","50"
"RSM00026072","PETROKREPOST, RS","2023-07-15","0.12","64","77",
"RSM00026072","PETROKREPOST, RS","2023-07-16","0.00","69","82","56"
"RSM00026072","PETROKREPOST, RS","2023-07-17","0.00","68","78",
"RSM00026072","PETROKREPOST, RS","2023-07-18","0.08","62","67",
"RSM00026072","PETROKREPOST, RS","2023-07-19","0.01","63","71","55"
"RSM00026072","PETROKREPOST, RS","2023-07-20","0.00","64","71","57"
"RSM00026072","PETROKREPOST, RS","2023-07-21","0.00","63","69","54"
"RSM00026072","PETROKREPOST, RS","2023-07-22","0.00","64","73",
"RSM00026072","PETROKREPOST, RS","2023-07-23","0.00","62","72","53"
"RSM00026072","PETROKREPOST, RS","2023-07-24","0.00","61","71","53"
"RSM00026072","PETROKREPOST, RS","2023-07-25","0.00","65","76","52"
"RSM00026072","PETROKREPOST, RS","2023-07-26","0.08","64","69","60"
"RSM00026072","PETROKREPOST, RS","2023-07-27","0.04","66","74","60"
"RSM00026072","PETROKREPOST, RS","2023-07-28","0.71","59","65","56"
"RSM00026072","PETROKREPOST, RS","2023-07-29","0.00","63","73","52"
"RSM00026072","PETROKREPOST, RS","2023-07-30","0.04","66","78","58"
"RSM00026072","PETROKREPOST, RS","2023-07-31","0.00","65","76","55"
"RSM00026072","PETROKREPOST, RS","2023-08-01","0.01","69","82","58"
"RSM00026072","PETROKREPOST, RS","2023-08-02","0.04","71","82","61"
"RSM00026072","PETROKREPOST, RS","2023-08-03","0.16","68","73","63"
"RSM00026072","PETROKREPOST, RS","2023-08-04","0.16","68","78","63"
"RSM00026072","PETROKREPOST, RS","2023-08-05","0.00","69","78","62"
"RSM00026072","PETROKREPOST, RS","2023-08-06","0.02","71","79","63"
"RSM00026072","PETROKREPOST, RS","2023-08-07","0.00","79","92","69"
"RSM00026072","PETROKREPOST, RS","2023-08-08","0.00","71","79",
"RSM00026072","PETROKREPOST, RS","2023-08-09","0.00","65","74","54"
"RSM00026072","PETROKREPOST, RS","2023-08-10","0.00","65","80","55"
"RSM00026072","PETROKREPOST, RS","2023-08-11","0.00","65","78","53"
"RSM00026063","ST. PETERSBURG, RS","2023-01-01","0.01","35",,
"RSM00026063","ST. PETERSBURG, RS","2023-01-02","0.00","29","33",
"RSM00026063","ST. PETERSBURG, RS","2023-01-03","0.04","28",,
"RSM00026063","ST. PETERSBURG, RS","2023-01-04","0.11","22",,
"RSM00026063","ST. PETERSBURG, RS","2023-01-05","0.08","10","17",
"RSM00026063","ST. PETERSBURG, RS","2023-01-06","0.09","13","20",
"RSM00026063","ST. PETERSBURG, RS","2023-01-07","0.01","11",,
"RSM00026063","ST. PETERSBURG, RS","2023-01-08","0.00","3","10",
"RSM00026063","ST. PETERSBURG, RS","2023-01-09","0.00","14",,"8"
"RSM00026063","ST. PETERSBURG, RS","2023-01-10","0.08","21",,
"RSM00026063","ST. PETERSBURG, RS","2023-01-11","0.00","27",,"25"
"RSM00026063","ST. PETERSBURG, RS","2023-01-12","0.12","26",,"24"
"RSM00026063","ST. PETERSBURG, RS","2023-01-13","0.10","33","37","26"
"RSM00026063","ST. PETERSBURG, RS","2023-01-14","0.11","35",,
"RSM00026063","ST. PETERSBURG, RS","2023-01-15","0.08","36",,
"RSM00026063","ST. PETERSBURG, RS","2023-01-16","0.09","36","38",
"RSM00026063","ST. PETERSBURG, RS","2023-01-17","0.00","33",,
"RSM00026063","ST. PETERSBURG, RS","2023-01-18","0.16","35","37","32"
"RSM00026063","ST. PETERSBURG, RS","2023-01-19","0.39","36","41","33"
"RSM00026063","ST. PETERSBURG, RS","2023-01-20","0.00","33",,
"RSM00026063","ST. PETERSBURG, RS","2023-01-21","0.00","26","32",
"RSM00026063","ST. PETERSBURG, RS","2023-01-22","0.01","26","27","23"
"RSM00026063","ST. PETERSBURG, RS","2023-01-23",,"24","25",
"RSM00026063","ST. PETERSBURG, RS","2023-01-24","0.03","29",,"20"
"RSM00026063","ST. PETERSBURG, RS","2023-01-25","0.02","34",,"31"
"RSM00026063","ST. PETERSBURG, RS","2023-01-26","0.28","36",,
"RSM00026063","ST. PETERSBURG, RS","2023-01-27","0.02","28",,
"RSM00026063","ST. PETERSBURG, RS","2023-01-28","0.00","24",,"23"
"RSM00026063","ST. PETERSBURG, RS","2023-01-29","0.03","32",,"24"
"RSM00026063","ST. PETERSBURG, RS","2023-01-30","0.08","34","36",
"RSM00026063","ST. PETERSBURG, RS","2023-01-31","0.08","32",,
"RSM00026063","ST. PETERSBURG, RS","2023-02-01","0.21","32","33","29"
"RSM00026063","ST. PETERSBURG, RS","2023-02-02","0.06","30",,
"RSM00026063","ST. PETERSBURG, RS","2023-02-03","0.11","24",,
"RSM00026063","ST. PETERSBURG, RS","2023-02-04","0.05","27",,
"RSM00026063","ST. PETERSBURG, RS","2023-02-05","0.01","21",,"17"
"RSM00026063","ST. PETERSBURG, RS","2023-02-06","0.02","29","31","21"
"RSM00026063","ST. PETERSBURG, RS","2023-02-07","0.00","27",,
"RSM00026063","ST. PETERSBURG, RS","2023-02-08","0.04","32",,"28"
"RSM00026063","ST. PETERSBURG, RS","2023-02-09","0.01","33",,
"RSM00026063","ST. PETERSBURG, RS","2023-02-10","0.12","31",,
"RSM00026063","ST. PETERSBURG, RS","2023-02-11","0.09","27","32",
"RSM00026063","ST. PETERSBURG, RS","2023-02-12","0.03","26",,"12"
"RSM00026063","ST. PETERSBURG, RS","2023-02-13","0.04","36",,"29"
"RSM00026063","ST. PETERSBURG, RS","2023-02-14","0.00","33","38","30"
"RSM00026063","ST. PETERSBURG, RS","2023-02-15","0.00","33","38","29"
"RSM00026063","ST. PETERSBURG, RS","2023-02-16","0.00","31",,
"RSM00026063","ST. PETERSBURG, RS","2023-02-17","0.05","25",,
"RSM00026063","ST. PETERSBURG, RS","2023-02-18","0.00","27","29",
"RSM00026063","ST. PETERSBURG, RS","2023-02-19","0.16","24","26",
"RSM00026063","ST. PETERSBURG, RS","2023-02-20","0.01","17","23",
"RSM00026063","ST. PETERSBURG, RS","2023-02-21","0.00","13","20",
"RSM00026063","ST. PETERSBURG, RS","2023-02-22","0.00","9","21",
"RSM00026063","ST. PETERSBURG, RS","2023-02-23","0.04","14",,"3"
"RSM00026063","ST. PETERSBURG, RS","2023-02-24","0.20","25","29","18"
"RSM00026063","ST. PETERSBURG, RS","2023-02-25","0.00","26","29",
"RSM00026063","ST. PETERSBURG, RS","2023-02-26","0.04","25","26",
"RSM00026063","ST. PETERSBURG, RS","2023-02-27","0.00","23",,"11"
"RSM00026063","ST. PETERSBURG, RS","2023-02-28","0.00","33",,
"RSM00026063","ST. PETERSBURG, RS","2023-03-01","0.02","27",,
"RSM00026063","ST. PETERSBURG, RS","2023-03-02","0.01","31","37",
"RSM00026063","ST. PETERSBURG, RS","2023-03-03",,"31",,
"RSM00026063","ST. PETERSBURG, RS","2023-03-04","0.02","31","37",
"RSM00026063","ST. PETERSBURG, RS","2023-03-05","0.33","29","34",
"RSM00026063","ST. PETERSBURG, RS","2023-03-06","0.01","24","30","16"
"RSM00026063","ST. PETERSBURG, RS","2023-03-07","0.04","19","25","10"
"RSM00026063","ST. PETERSBURG, RS","2023-03-08","0.13","27",,"16"
"RSM00026063","ST. PETERSBURG, RS","2023-03-09","0.07","18",,
"RSM00026063","ST. PETERSBURG, RS","2023-03-10","0.00","15","29",
"RSM00026063","ST. PETERSBURG, RS","2023-03-11","0.28","17","28",
"RSM00026063","ST. PETERSBURG, RS","2023-03-12","0.14","24",,
"RSM00026063","ST. PETERSBURG, RS","2023-03-13","0.00","27",,"18"
"RSM00026063","ST. PETERSBURG, RS","2023-03-14","0.16","39","46","28"
"RSM00026063","ST. PETERSBURG, RS","2023-03-15","0.20","37","42",
"RSM00026063","ST. PETERSBURG, RS","2023-03-16","0.00","31",,
"RSM00026063","ST. PETERSBURG, RS","2023-03-17","0.00","30","41",
"RSM00026063","ST. PETERSBURG, RS","2023-03-18","0.00","38","44",
"RSM00026063","ST. PETERSBURG, RS","2023-03-19","0.00","39","43",
"RSM00026063","ST. PETERSBURG, RS","2023-03-20","0.00","42","51",
"RSM00026063","ST. PETERSBURG, RS","2023-03-21","0.20","35","40",
"RSM00026063","ST. PETERSBURG, RS","2023-03-22","0.03","35",,"30"
"RSM00026063","ST. PETERSBURG, RS","2023-03-23","0.00","44",,
"RSM00026063","ST. PETERSBURG, RS","2023-03-24","0.04","41",,"35"
"RSM00026063","ST. PETERSBURG, RS","2023-03-25","0.20","40","45",
"RSM00026063","ST. PETERSBURG, RS","2023-03-26","0.33","36",,
"RSM00026063","ST. PETERSBURG, RS","2023-03-27","0.11","31","33","30"
"RSM00026063","ST. PETERSBURG, RS","2023-03-28","0.31","31","35",
"RSM00026063","ST. PETERSBURG, RS","2023-03-29","0.51","29","31",
"RSM00026063","ST. PETERSBURG, RS","2023-03-30","0.01","25","34",
"RSM00026063","ST. PETERSBURG, RS","2023-03-31","0.03","31","38",
"RSM00026063","ST. PETERSBURG, RS","2023-04-01","0.35","32","35",
"RSM00026063","ST. PETERSBURG, RS","2023-04-02","0.00","32","37","26"
"RSM00026063","ST. PETERSBURG, RS","2023-04-03","0.15","30","33",
"RSM00026063","ST. PETERSBURG, RS","2023-04-04","0.03","32","35",
"RSM00026063","ST. PETERSBURG, RS","2023-04-05","0.00","37","42","32"
"RSM00026063","ST. PETERSBURG, RS","2023-04-06","0.00","39","49",
"RSM00026063","ST. PETERSBURG, RS","2023-04-07","0.00","40","51",
"RSM00026063","ST. PETERSBURG, RS","2023-04-08","0.00","42","54",
"RSM00026063","ST. PETERSBURG, RS","2023-04-09","0.00","42","56",
"RSM00026063","ST. PETERSBURG, RS","2023-04-10","0.00","43",,
"RSM00026063","ST. PETERSBURG, RS","2023-04-11","0.00","46",,
"RSM00026063","ST. PETERSBURG, RS","2023-04-12","0.00","50","63",
"RSM00026063","ST. PETERSBURG, RS","2023-04-13","0.00","42",,
"RSM00026063","ST. PETERSBURG, RS","2023-04-14","0.00","40",,"33"
"RSM00026063","ST. PETERSBURG, RS","2023-04-15","0.00","40","47",
"RSM00026063","ST. PETERSBURG, RS","2023-04-16","0.00","44",,
"RSM00026063","ST. PETERSBURG, RS","2023-04-17","0.00","44","56",
"RSM00026063","ST. PETERSBURG, RS","2023-04-18","0.00","45","56",
"RSM00026063","ST. PETERSBURG, RS","2023-04-19","0.00","46","56",
"RSM00026063","ST. PETERSBURG, RS","2023-04-20","0.01","45",,
"RSM00026063","ST. PETERSBURG, RS","2023-04-21","0.00","49",,"37"
"RSM00026063","ST. PETERSBURG, RS","2023-04-22","0.00","52",,
"RSM00026063","ST. PETERSBURG, RS","2023-04-23","0.00","53",,
"RSM00026063","ST. PETERSBURG, RS","2023-04-24","0.00","58",,
"RSM00026063","ST. PETERSBURG, RS","2023-04-25","0.00","60",,
"RSM00026063","ST. PETERSBURG, RS","2023-04-26","0.00","59","71",
"RSM00026063","ST. PETERSBURG, RS","2023-04-27","0.08","46",,
"RSM00026063","ST. PETERSBURG, RS","2023-04-28","0.20","43","50",
"RSM00026063","ST. PETERSBURG, RS","2023-04-29","0.04","42",,
"RSM00026063","ST. PETERSBURG, RS","2023-04-30","0.08","45",,
"RSM00026063","ST. PETERSBURG, RS","2023-05-01","0.00","44",,
"RSM00026063","ST. PETERSBURG, RS","2023-05-02","0.12","51",,
"RSM00026063","ST. PETERSBURG, RS","2023-05-03","0.16","45",,
"RSM00026063","ST. PETERSBURG, RS","2023-05-04","0.00","38",,
"RSM00026063","ST. PETERSBURG, RS","2023-05-05","0.04","36","42","31"
"RSM00026063","ST. PETERSBURG, RS","2023-05-06","0.00","39","46",
"RSM00026063","ST. PETERSBURG, RS","2023-05-07","0.00","43","52",
"RSM00026063","ST. PETERSBURG, RS","2023-05-08","0.00","47","56",
"RSM00026063","ST. PETERSBURG, RS","2023-05-09","0.00","50",,
"RSM00026063","ST. PETERSBURG, RS","2023-05-10","0.00","51",,
"RSM00026063","ST. PETERSBURG, RS","2023-05-11","0.00","54",,
"RSM00026063","ST. PETERSBURG, RS","2023-05-12","0.00","57",,
"RSM00026063","ST. PETERSBURG, RS","2023-05-13","0.00","57",,
"RSM00026063","ST. PETERSBURG, RS","2023-05-14","0.00","60","72",
"RSM00026063","ST. PETERSBURG, RS","2023-05-15","0.00","62","75",
"RSM00026063","ST. PETERSBURG, RS","2023-05-16","0.00","62",,
"RSM00026063","ST. PETERSBURG, RS","2023-05-17","0.00","62","69",
"RSM00026063","ST. PETERSBURG, RS","2023-05-18","0.12","51",,
"RSM00026063","ST. PETERSBURG, RS","2023-05-19","0.00","51",,
"RSM00026063","ST. PETERSBURG, RS","2023-05-20","0.00","55","65",
"RSM00026063","ST. PETERSBURG, RS","2023-05-21","0.00","60","72",
"RSM00026063","ST. PETERSBURG, RS","2023-05-22","0.07","57","71",
"RSM00026063","ST. PETERSBURG, RS","2023-05-23","0.08","60","74",
"RSM00026063","ST. PETERSBURG, RS","2023-05-24","0.00","64","76",
"RSM00026063","ST. PETERSBURG, RS","2023-05-25","0.00","64","75",
"RSM00026063","ST. PETERSBURG, RS","2023-05-26","0.02","56",,
"RSM00026063","ST. PETERSBURG, RS","2023-05-27","0.04","51","57",
"RSM00026063","ST. PETERSBURG, RS","2023-05-28","0.00","56",,
"RSM00026063","ST. PETERSBURG, RS","2023-05-29","0.00","54",,
"RSM00026063","ST. PETERSBURG, RS","2023-05-30","0.00","52",,
"RSM00026063","ST. PETERSBURG, RS","2023-05-31","0.02","54",,
"RSM00026063","ST. PETERSBURG, RS","2023-06-01","0.00","51",,
"RSM00026063","ST. PETERSBURG, RS","2023-06-02","0.00","45",,
"RSM00026063","ST. PETERSBURG, RS","2023-06-03","0.00","49",,
"RSM00026063","ST. PETERSBURG, RS","2023-06-04","0.20","51","60",
"RSM00026063","ST. PETERSBURG, RS","2023-06-05","0.00","56",,
"RSM00026063","ST. PETERSBURG, RS","2023-06-06","0.00","58",,
"RSM00026063","ST. PETERSBURG, RS","2023-06-07","0.08","56",,
"RSM00026063","ST. PETERSBURG, RS","2023-06-08","0.00","57",,
"RSM00026063","ST. PETERSBURG, RS","2023-06-09","0.12","53","60",
"RSM00026063","ST. PETERSBURG, RS","2023-06-10","0.00","51","61",
"RSM00026063","ST. PETERSBURG, RS","2023-06-11","0.00","56","67",
"RSM00026063","ST. PETERSBURG, RS","2023-06-12","0.00","61","72",
"RSM00026063","ST. PETERSBURG, RS","2023-06-13","0.00","66",,
"RSM00026063","ST. PETERSBURG, RS","2023-06-14","0.00","67",,
"RSM00026063","ST. PETERSBURG, RS","2023-06-15","0.00","66",,
"RSM00026063","ST. PETERSBURG, RS","2023-06-16","0.00","71","84",
"RSM00026063","ST. PETERSBURG, RS","2023-06-17","0.00","72","81",
"RSM00026063","ST. PETERSBURG, RS","2023-06-18","0.00","65",,
"RSM00026063","ST. PETERSBURG, RS","2023-06-19","0.00","65","78",
"RSM00026063","ST. PETERSBURG, RS","2023-06-20","0.00","68",,
"RSM00026063","ST. PETERSBURG, RS","2023-06-21","0.00","70",,
"RSM00026063","ST. PETERSBURG, RS","2023-06-22","0.02","72",,
"RSM00026063","ST. PETERSBURG, RS","2023-06-23","0.63","68","75",
"RSM00026063","ST. PETERSBURG, RS","2023-06-24","0.00","67","77",
"RSM00026063","ST. PETERSBURG, RS","2023-06-25","0.12","64",,
"RSM00026063","ST. PETERSBURG, RS","2023-06-26","0.20","66","77",
"RSM00026063","ST. PETERSBURG, RS","2023-06-27","0.00","70","82",
"RSM00026063","ST. PETERSBURG, RS","2023-06-28","0.47","70","81",
"RSM00026063","ST. PETERSBURG, RS","2023-06-29","0.00","71",,
"RSM00026063","ST. PETERSBURG, RS","2023-06-30","0.02","70",,
"RSM00026063","ST. PETERSBURG, RS","2023-07-01","0.51","67",,
"RSM00026063","ST. PETERSBURG, RS","2023-07-02","0.39","65",,
"RSM00026063","ST. PETERSBURG, RS","2023-07-03","0.47","61",,
"RSM00026063","ST. PETERSBURG, RS","2023-07-04","0.14","61",,
"RSM00026063","ST. PETERSBURG, RS","2023-07-05","0.03","63",,
"RSM00026063","ST. PETERSBURG, RS","2023-07-06","0.00","69",,
"RSM00026063","ST. PETERSBURG, RS","2023-07-07","0.08","64",,
"RSM00026063","ST. PETERSBURG, RS","2023-07-08","0.00","62","71",
"RSM00026063","ST. PETERSBURG, RS","2023-07-09","0.00","58",,
"RSM00026063","ST. PETERSBURG, RS","2023-07-10","0.00","57","64",
"RSM00026063","ST. PETERSBURG, RS","2023-07-11","0.00","59","69",
"RSM00026063","ST. PETERSBURG, RS","2023-07-12","0.00","63",,
"RSM00026063","ST. PETERSBURG, RS","2023-07-13","0.00","64","74",
"RSM00026063","ST. PETERSBURG, RS","2023-07-14","0.00","66",,
"RSM00026063","ST. PETERSBURG, RS","2023-07-15","0.00","67",,
"RSM00026063","ST. PETERSBURG, RS","2023-07-16","0.00","70",,
"RSM00026063","ST. PETERSBURG, RS","2023-07-17","0.31","68","75",
"RSM00026063","ST. PETERSBURG, RS","2023-07-18","0.08","63","69",
"RSM00026063","ST. PETERSBURG, RS","2023-07-19","0.00","63",,
"RSM00026063","ST. PETERSBURG, RS","2023-07-20","0.00","62","70",
"RSM00026063","ST. PETERSBURG, RS","2023-07-21","0.00","64",,
"RSM00026063","ST. PETERSBURG, RS","2023-07-22","0.08","64",,
"RSM00026063","ST. PETERSBURG, RS","2023-07-23","0.00","63",,
"RSM00026063","ST. PETERSBURG, RS","2023-07-24","0.00","62","68",
"RSM00026063","ST. PETERSBURG, RS","2023-07-25","0.00","66",,
"RSM00026063","ST. PETERSBURG, RS","2023-07-26","0.02","65",,
"RSM00026063","ST. PETERSBURG, RS","2023-07-27","0.00","65","72",
"RSM00026063","ST. PETERSBURG, RS","2023-07-28","0.87","60","66",
"RSM00026063","ST. PETERSBURG, RS","2023-07-29","0.00","63",,
"RSM00026063","ST. PETERSBURG, RS","2023-07-30","0.20","67","76","59"
"RSM00026063","ST. PETERSBURG, RS","2023-07-31",,"67",,
"RSM00026063","ST. PETERSBURG, RS","2023-08-01","0.00","69","80",
"RSM00026063","ST. PETERSBURG, RS","2023-08-02","0.08","71","81",
"RSM00026063","ST. PETERSBURG, RS","2023-08-03","0.18","70","76",
"RSM00026063","ST. PETERSBURG, RS","2023-08-04","0.33","68",,
"RSM00026063","ST. PETERSBURG, RS","2023-08-05","0.00","69",,
"RSM00026063","ST. PETERSBURG, RS","2023-08-06","0.00","74","83",
"RSM00026063","ST. PETERSBURG, RS","2023-08-07","0.00","80","91",
"RSM00026063","ST. PETERSBURG, RS","2023-08-08","0.20","71",,
"RSM00026063","ST. PETERSBURG, RS","2023-08-09","0.00","67","77",
"RSM00026063","ST. PETERSBURG, RS","2023-08-10","0.00","67","77",
"RSM00026063","ST. PETERSBURG, RS","2023-08-11","0.00","69","80",
